Code,Party,Income level,GDP USD Mar 2025,Human Development Index 2022,Region Name,Sub-region Name,Least Developed Countries (LDC),Small Island Developing States (SIDS),OECD,Title,FileType,Language,Version,Status,SubmissionDate,EncodedAbsUrl,OriginalFilename,filename
AFG,Afghanistan,Low income,17233051620,0.462,Asia,Southern Asia,1,0,0,Afghanistan First NDC,NDC,English,1,Active,2016-11-23,https://unfccc.int/sites/default/files/NDC/2022-06/INDC_AFG_20150927_FINAL.pdf,INDC_AFG_20150927_FINAL.pdf,Afghanistan.txt
ALB,Albania,Upper middle income,23547179830,0.789,Europe,Southern Europe,0,0,0,Albania First NDC (Updated submission),NDC,English,2,Active,2021-10-12,https://unfccc.int/sites/default/files/2022-08/Albania%20Revised%20NDC.pdf,Albania Revised NDC.pdf,Albania.txt
DZA,Algeria,Upper middle income,247626161016,0.745,Africa,Northern Africa,0,0,0,Algeria First NDC Translation,Translation,English,1,Active,2016-10-20,https://unfccc.int/sites/default/files/NDC/2022-06/Algeria%20-%20INDC%20%28English%20unofficial%20translation%29%20September%2003%2C2015.pdf,"Algeria - INDC (English unofficial translation) September 03,2015.pdf",Algeria.txt
AND,Andorra,High income,3785067332,0.884,Europe,Southern Europe,0,0,0,Andorra Third NDC,NDC,Spanish,,Active,2025-02-05,https://unfccc.int/sites/default/files/2025-02/NDC%203.0%20ANDORRA.pdf,NDC 3.0 ANDORRA.pdf,Andorra.txt
AGO,Angola,Lower middle income,84824654482,0.591,Africa,Sub-Saharan Africa,1,0,0,Angola First NDC (Updated submission),NDC,English,2,Active,2021-05-31,https://unfccc.int/sites/default/files/NDC/2022-06/NDC%20Angola.pdf,NDC Angola.pdf,Angola.txt
ATG,Antigua and Barbuda,High income,2033085185,0.826,Americas,Latin America and the Caribbean,0,1,0,Antigua and Barbuda First NDC (Updated submission),NDC,English,2,Active,2021-09-02,https://unfccc.int/sites/default/files/NDC/2022-06/ATG%20-%20UNFCCC%20NDC%20-%202021-09-02%20-%20Final.pdf,ATG - UNFCCC NDC - 2021-09-02 - Final.pdf,Antigua_and_Barbuda.txt
ARG,Argentina,Upper middle income,646075277525,0.849,Americas,Latin America and the Caribbean,0,0,0,Argentina Second NDC (Updated submission),Translation,English,3,Active,2021-11-02,https://unfccc.int/sites/default/files/NDC/2023-12/Argentinas%20Second%20NDC.pdf,Argentinas Second NDC.pdf,Argentina.txt
ARM,Armenia,Upper middle income,24085749592,0.786,Asia,Western Asia,0,0,0,Armenia First NDC (Updated submission),NDC,English,2,Active,2021-05-05,https://unfccc.int/sites/default/files/NDC/2022-06/NDC%20of%20Republic%20of%20Armenia%20%202021-2030.pdf,NDC of Republic of Armenia  2021-2030.pdf,Armenia.txt
AUS,Australia,High income,1728057316696,0.946,Oceania,Australia and New Zealand,0,0,1,Australia NDC 2022 Update,NDC,English,4,Active,2022-06-16,https://unfccc.int/sites/default/files/NDC/2022-06/Australias%20NDC%20June%202022%20Update%20%283%29.pdf,Australias NDC June 2022 Update (3).pdf,Australia.txt
AUT,Austria,High income,511685203845,0.926,Europe,Western Europe,0,0,1,EU NDC 2023 update,NDC,English,3,Active,2023-10-19,https://unfccc.int/sites/default/files/NDC/2023-10/ES-2023-10-17%20EU%20submission%20NDC%20update.pdf,ES-2023-10-17 EU submission NDC update.pdf,Austria.txt
AZE,Azerbaijan,Upper middle income,72356176471,0.760,Asia,Western Asia,0,0,0,Updated Nationally Determined Contribution of the Republic of Azerbaijan,NDC,English,2,Active,2023-10-10,https://unfccc.int/sites/default/files/NDC/2023-10/Second%20NDC_Azerbaijan_ENG_Final%20%281%29.pdf,Second NDC_Azerbaijan_ENG_Final (1).pdf,Azerbaijan.txt
BHS,Bahamas,High income,14338500000,0.820,Americas,Latin America and the Caribbean,0,1,0,"Bahamas Updated Nationally Determined Contributions, 2022",NDC,English,2,Active,2022-11-07,https://unfccc.int/sites/default/files/NDC/2022-11/Bahamas%20Updated%20Nationally%20Determined%20Contributio,Bahamas Updated Nationally Determined Contributio,Bahamas.txt
BHR,Bahrain,High income,46079867021,0.888,Asia,Western Asia,0,0,0,Bahrain First NDC (Updated submission),NDC,English,2,Active,2021-10-18,https://unfccc.int/sites/default/files/NDC/2022-06/NDC%20of%20the%20Kingdom%20of%20Bahrain%20under%20UNFCCC.pdf,NDC of the Kingdom of Bahrain under UNFCCC.pdf,Bahrain.txt
BGD,Bangladesh,Lower middle income,437415331041,0.670,Asia,Southern Asia,1,0,0,Bangladesh First NDC (Updated submission),NDC,English,3,Active,2021-08-26,https://unfccc.int/sites/default/files/NDC/2022-06/NDC_submission_20210826revised.pdf,NDC_submission_20210826revised.pdf,Bangladesh.txt
BRB,Barbados,High income,6720733200,0.809,Americas,Latin America and the Caribbean,0,1,0,Barbados First NDC (Updated submission),NDC,English,2,Active,2021-07-30,https://unfccc.int/sites/default/files/NDC/2022-06/2021%20Barbados%20NDC%20update%20-%2021%20July%202021.pdf,2021 Barbados NDC update - 21 July 2021.pdf,Barbados.txt
BLR,Belarus,Upper middle income,71857382746,0.801,Europe,Eastern Europe,0,0,0,Belarus First NDC (Updated submission),Translation,English,2,Active,2021-10-11,https://unfccc.int/sites/default/files/NDC/2022-06/Belarus_NDC_English.pdf,Belarus_NDC_English.pdf,Belarus.txt
BEL,Belgium,High income,644782756683,0.942,Europe,Western Europe,0,0,1,EU NDC 2023 update,NDC,English,3,Active,2023-10-19,https://unfccc.int/sites/default/files/NDC/2023-10/ES-2023-10-17%20EU%20submission%20NDC%20update.pdf,ES-2023-10-17 EU submission NDC update.pdf,Belgium.txt
BLZ,Belize,Upper middle income,3066850000,0.700,Americas,Latin America and the Caribbean,0,1,0,Belize First NDC (Updated submission),NDC,English,2,Active,2021-09-01,https://unfccc.int/sites/default/files/NDC/2022-06/Belize%20Updated%20NDC.pdf,Belize Updated NDC.pdf,Belize.txt
BEN,Benin,Lower middle income,19676049076,0.504,Africa,Sub-Saharan Africa,1,0,0,Benin First NDC (Updated submission),NDC,French,2,Active,2021-10-12,https://unfccc.int/sites/default/files/NDC/2022-06/CDN_ACTUALISEE_BENIN2021.pdf,CDN_ACTUALISEE_BENIN2021.pdf,Benin.txt
BTN,Bhutan,Lower middle income,,0.681,Asia,Southern Asia,0,0,0,Bhutan Second NDC,NDC,English,2,Active,2021-06-24,https://unfccc.int/sites/default/files/NDC/2022-06/Second%20NDC%20Bhutan.pdf,Second NDC Bhutan.pdf,Bhutan.txt
BOL,Bolivia (Plurinational State of),Lower middle income,45135398009,0.698,Americas,Latin America and the Caribbean,0,0,0,Nationally Determined Contribution of the Plurinational State of Bolivia,Translation,English,2,Active,2022-04-15,https://unfccc.int/sites/default/files/NDC/2022-06/NDC_Bolivia-2021-2030_UNFCCC_en.pdf,NDC_Bolivia-2021-2030_UNFCCC_en.pdf,Bolivia.txt
BIH,Bosnia and Herzegovina,Upper middle income,27514782476,0.779,Europe,Southern Europe,0,0,0,Bosnia and Herzegovina First NDC (Updated submission),NDC,English,2,Active,2021-04-20,https://unfccc.int/sites/default/files/NDC/2022-06/NDC%20BiH_November%202020%20FINAL%20DRAFT%2005%20Nov%20ENG%20LR.pdf,NDC BiH_November 2020 FINAL DRAFT 05 Nov ENG LR.pdf,Bosnia_and_Herzegovina.txt
BWA,Botswana,Upper middle income,19396084498,0.708,Africa,Sub-Saharan Africa,0,0,0,Botswana’s 2nd Updated Nationally Determined Contribution under the Paris Agreement,NDC,English,2,Active,2024-12-24,https://unfccc.int/sites/default/files/2024-12/BOTSWANA_NDC_2%20REPORT.pdf,BOTSWANA_NDC_2 REPORT.pdf,Botswana.txt
BRA,Brazil,Upper middle income,2173665655937,0.760,Americas,Latin America and the Caribbean,0,0,0,Brazil Second Nationally Determined Contribution,NDC,English,,Active,2024-11-13,https://unfccc.int/sites/default/files/2024-11/Brazil_Second%20Nationally%20Determined%20Contribution%20%28NDC%29_November2024.pdf,Brazil_Second Nationally Determined Contribution (NDC)_November2024.pdf,Brazil.txt
BRN,Brunei Darussalam,High income,15128292981,0.823,Asia,South-eastern Asia,0,0,0,Brunei Darussalam First NDC,NDC,English,1,Active,2020-12-31,https://unfccc.int/sites/default/files/NDC/2022-06/Brunei%20Darussalam%27s%20NDC%202020.pdf,Brunei Darussalam's NDC 2020.pdf,Brunei.txt
BGR,Bulgaria,High income,102407653021,0.799,Europe,Eastern Europe,0,0,0,EU NDC 2023 update,NDC,English,3,Active,2023-10-19,https://unfccc.int/sites/default/files/NDC/2023-10/ES-2023-10-17%20EU%20submission%20NDC%20update.pdf,ES-2023-10-17 EU submission NDC update.pdf,Bulgaria.txt
BFA,Burkina Faso,Low income,20324617845,0.438,Africa,Sub-Saharan Africa,1,0,0,Burkina Faso First NDC (Updated submission),NDC,French,2,Active,2021-10-09,https://unfccc.int/sites/default/files/NDC/2022-06/Rapport%20CDN_BKFA.pdf,Rapport CDN_BKFA.pdf,Burkina_Faso.txt
BDI,Burundi,Low income,2642161669,0.420,Africa,Sub-Saharan Africa,1,0,0,Burundi First NDC (Updated submission),NDC,French,2,Active,2021-10-05,https://unfccc.int/sites/default/files/NDC/2022-06/CDN%20%20%20Burundi%20ANNEXE%201.pdf,CDN   Burundi ANNEXE 1.pdf,Burundi.txt
CPV,Cabo Verde,Lower middle income,2533819406,0.661,Africa,Sub-Saharan Africa,0,1,0,Cabo Verde First NDC(Updated submission),NDC,English,2,Active,2021-04-02,https://unfccc.int/sites/default/files/NDC/2022-06/Cabo%20Verde_NDC%20Update%202021.pdf,Cabo Verde_NDC Update 2021.pdf,Cabo_Verde.txt
KHM,Cambodia,Lower middle income,42335646896,0.600,Asia,South-eastern Asia,1,0,0,Cambodia First NDC (Updated submission),NDC,English,2,Active,2020-12-31,https://unfccc.int/sites/default/files/NDC/2022-06/20201231_NDC_Update_Cambodia.pdf,20201231_NDC_Update_Cambodia.pdf,Cambodia.txt
CMR,Cameroon,Lower middle income,49279410983,0.587,Africa,Sub-Saharan Africa,0,0,0,Cameroon First NDC (Updated submission),NDC,French,2,Active,2021-10-11,https://unfccc.int/sites/default/files/NDC/2022-06/CDN%20r%C3%A9vis%C3%A9e%20CMR%20finale%20sept%202021.pdf,CDN révisée CMR finale sept 2021.pdf,Cameroon.txt
CAN,Canada,High income,2142470914401,0.935,Americas,Northern America,0,0,1,Canada's 2035 NDC,NDC,English,,Active,2025-02-12,https://unfccc.int/sites/default/files/2025-02/Canada%27s%202035%20Nationally%20Determined%20Contribution_ENc.pdf,Canada's 2035 Nationally Determined Contribution_ENc.pdf,Canada.txt
CAF,Central African Republic,Low income,2555492085,0.387,Africa,Sub-Saharan Africa,1,0,0,Central African Republic First NDC (Updated submission),NDC,French,2,Active,2022-01-24,https://unfccc.int/sites/default/files/NDC/2022-06/CDN%20Revis%C3%A9e%20RCA.pdf,CDN Revisée RCA.pdf,Central_African_Republic.txt
TCD,Chad,Low income,13149325362,0.394,Africa,Sub-Saharan Africa,1,0,0,Chad First NDC (Updated submission),NDC,French,2,Active,2021-10-19,https://unfccc.int/sites/default/files/NDC/2022-06/CDN%20ACTUALISEE%20DU%20TCHAD.pdf,CDN ACTUALISEE DU TCHAD.pdf,Chad.txt
CHL,Chile,High income,335533331669,0.860,Americas,Latin America and the Caribbean,0,0,1,Chile First NDC (Updated submission),NDC,English,2,Active,2020-04-09,https://unfccc.int/sites/default/files/NDC/2022-06/Chile%27s_NDC_2020_english.pdf,Chile's_NDC_2020_english.pdf,Chile.txt
CHN,China,Upper middle income,17794783039552,0.788,Asia,Eastern Asia,0,0,0,China First NDC (Updated submission),Translation,English,2,Active,2021-10-28,https://unfccc.int/sites/default/files/NDC/2022-06/China%E2%80%99s%20Achievements%2C%20New%20Goals%20and%20New%20Measures%20for%20Nationally%20Determined%20Contributions.pdf,"China’s Achievements, New Goals and New Measures for Nationally Determined Contributions.pdf",China.txt
COL,Colombia,Upper middle income,363493841244,0.758,Americas,Latin America and the Caribbean,0,0,1,Colombia First NDC (Updated submission),NDC,Spanish,2,Active,2020-12-30,https://unfccc.int/sites/default/files/NDC/2022-06/NDC%20actualizada%20de%20Colombia.pdf,NDC actualizada de Colombia.pdf,Colombia.txt
COM,Comoros,Lower middle income,1352380971,0.586,Africa,Sub-Saharan Africa,1,1,0,Comoros First NDC (Updated submission),NDC,French,2,Active,2021-11-05,https://unfccc.int/sites/default/files/NDC/2022-06/CDN_r%C3%A9vis%C3%A9e_Comores_vf.pdf,CDN_révisée_Comores_vf.pdf,Comoros.txt
COG,Congo,Lower middle income,15321055823,0.593,Africa,Sub-Saharan Africa,0,0,0,Congo First NDC (Updated submission),NDC,French,2,Active,2021-08-02,https://unfccc.int/sites/default/files/NDC/2022-06/CDN_Congo.pdf,CDN_Congo.pdf,Congo.txt
COK,Cook Islands,#N/A,#N/A,#N/A,Oceania,Polynesia,0,1,0,Cook Islands First NDC,NDC,English,1,Active,2016-09-01,https://unfccc.int/sites/default/files/NDC/2022-06/Cook%20Islands%20INDCsFINAL7Nov.pdf,Cook Islands INDCsFINAL7Nov.pdf,Cook_Islands.txt
CRI,Costa Rica,Upper middle income,86497941439,0.806,Americas,Latin America and the Caribbean,0,0,1,Costa Rica First NDC (Updated submission),NDC,Spanish,3,Active,44194,https://unfccc.int/sites/default/files/NDC/2022-06/Contribucio%CC%81n%20Nacionalmente%20Determinada%20de%20Costa%20Rica%202020%20-%20Versio%CC%81n%20Completa.pdf,Contribución Nacionalmente Determinada de Costa Rica 2020 - Versión Completa.pdf,Costa_Rica.txt
CIV,Côte d'Ivoire,Lower middle income,78875489245,0.534,Africa,Sub-Saharan Africa,0,0,0,NDC COTE D'IVOIRE SUBMISSION,NDC,French,2,Active,2022-05-09,https://unfccc.int/sites/default/files/NDC/2022-06/CDN_CIV_2022.pdf,CDN_CIV_2022.pdf,Côte_d'Ivoire.txt
HRV,Croatia,High income,84393795502,0.878,Europe,Southern Europe,0,0,0,EU NDC 2023 update,NDC,English,3,Active,2023-10-19,https://unfccc.int/sites/default/files/NDC/2023-10/ES-2023-10-17%20EU%20submission%20NDC%20update.pdf,ES-2023-10-17 EU submission NDC update.pdf,Croatia.txt
CUB,Cuba,Upper middle income,,0.764,Americas,Latin America and the Caribbean,0,1,0,Cuba NDC 3.0,NDC,Spanish,,Active,45715,https://unfccc.int/sites/default/files/2025-02/REPUBLICA%20DE%20CUBA%20CND3.0.pdf,REPUBLICA DE CUBA CND3.0.pdf,Cuba.txt
CYP,Cyprus,High income,33886930712,0.907,Asia,Western Asia,0,0,0,EU NDC 2023 update,NDC,English,3,Active,2023-10-19,https://unfccc.int/sites/default/files/NDC/2023-10/ES-2023-10-17%20EU%20submission%20NDC%20update.pdf,ES-2023-10-17 EU submission NDC update.pdf,Cyprus.txt
CZE,Czechia,High income,343207874554,0.895,Europe,Eastern Europe,0,0,1,EU NDC 2023 update,NDC,English,3,Active,2023-10-19,https://unfccc.int/sites/default/files/NDC/2023-10/ES-2023-10-17%20EU%20submission%20NDC%20update.pdf,ES-2023-10-17 EU submission NDC update.pdf,Czechia.txt
PRK,Democratic People's Republic of Korea,Low income,,#N/A,Asia,Eastern Asia,0,0,0,Democratic People's Republic of Korea First NDC (Updated submission),NDC,English,2,Active,2019-09-19,https://unfccc.int/sites/default/files/NDC/2022-06/2019.09.19_DPRK%20letter%20to%20SG%20special%20envoy%20for%20NDC.pdf,2019.09.19_DPRK letter to SG special envoy for NDC.pdf,Democratic_People_Republic_Korea.txt
COD,Democratic Republic of the Congo,Low income,66383287003,0.481,Africa,Sub-Saharan Africa,1,0,0,Democratic Republic of the Congo First NDC (Updated submission),NDC,French,2,Active,2021-12-28,https://unfccc.int/sites/default/files/NDC/2022-06/CDN%20Revis%C3%A9e%20de%20la%20RDC.pdf,CDN Revisée de la RDC.pdf,Democractic_Republic_Congo.txt
DNK,Denmark,High income,407091920305,0.952,Europe,Northern Europe,0,0,1,EU NDC 2023 update,NDC,English,3,Active,2023-10-19,https://unfccc.int/sites/default/files/NDC/2023-10/ES-2023-10-17%20EU%20submission%20NDC%20update.pdf,ES-2023-10-17 EU submission NDC update.pdf,Denmark.txt
DJI,Djibouti,Lower middle income,4098530514,0.515,Africa,Sub-Saharan Africa,1,0,0,Djibouti First NDC,Translation,English,1,Active,2016-11-11,https://unfccc.int/sites/default/files/NDC/2022-06/INDC-Djibouti_ENG.pdf,INDC-Djibouti_ENG.pdf,Djibouti.txt
DMA,Dominica,Upper middle income,653992592.6,0.740,Americas,Latin America and the Caribbean,0,1,0,The Commonwealth of Dominica Updated National Determined Contribution,NDC,English,2,Active,2022-07-04,https://unfccc.int/sites/default/files/2022-07/The%20Commonwealth%20of%20Dominica%20updated%20NDC%20July%204%20%2C.pdf,"The Commonwealth of Dominica updated NDC July 4 ,.pdf",Dominica.txt
DOM,Dominican Republic,Upper middle income,121444279314,0.766,Americas,Latin America and the Caribbean,0,1,0,Dominican Republic First NDC (Updated submission),NDC,Spanish,2,Active,2020-12-29,https://unfccc.int/sites/default/files/NDC/2022-06/Dominican%20Republic%20First%20NDC%20%28Updated%20Submission%29.pdf,Dominican Republic First NDC (Updated Submission).pdf,Dominican_Republic.txt
ECU,Ecuador,Upper middle income,118844826000,0.765,Americas,Latin America and the Caribbean,0,0,0,Ecuador Second NDC,NDC,Spanish,,Active,2025-02-06,https://unfccc.int/sites/default/files/2025-02/Segunda%20NDC%20de%20Ecuador.pdf,Segunda NDC de Ecuador.pdf,Ecuador.txt
EGY,Egypt,Lower middle income,396002496997,0.728,Africa,Northern Africa,0,0,0,Egypt’s Updated First Nationally Determined Contribution 2030 (Second Update),NDC,English,3,Active,2023-06-26,https://unfccc.int/sites/default/files/NDC/2023-06/Egypts%20Updated%20First%20Nationally%20Determined%20Contribution%202030%20%28Second%20Update%29.pdf,Egypts Updated First Nationally Determined Contribution 2030 (Second Update).pdf,Egypt.txt
SLV,El Salvador,Upper middle income,34015620000,0.674,Americas,Latin America and the Caribbean,0,0,0,El Salvador First NDC (Updated submission),NDC,Spanish,3,Active,2022-01-04,https://unfccc.int/sites/default/files/NDC/2022-06/El%20Salvador%20NDC-%20Updated%20Dic.2021.pdf,El Salvador NDC- Updated Dic.2021.pdf,El_Salvador.txt
GNQ,Equatorial Guinea,Upper middle income,12337550584,0.650,Africa,Sub-Saharan Africa,0,0,0,Equatorial Guinea NDC 2022 Update,NDC,Spanish,2,Active,2022-10-24,https://unfccc.int/sites/default/files/NDC/2022-10/CND-GuineaEcuatorial-Version2022-Actualizada.pdf,CND-GuineaEcuatorial-Version2022-Actualizada.pdf,Ecuatorial_Guinea.txt
ERI,Eritrea,Low income,,0.493,Africa,Sub-Saharan Africa,1,0,0,Eritrea First NDC,NDC,English,1,Active,2018-06-19,https://unfccc.int/sites/default/files/NDC/2022-06/NRC%20Eritrea.pdf,NRC Eritrea.pdf,Eritrea.txt
EST,Estonia,High income,41291245222,0.899,Europe,Northern Europe,0,0,1,EU NDC 2023 update,NDC,English,3,Active,2023-10-19,https://unfccc.int/sites/default/files/NDC/2023-10/ES-2023-10-17%20EU%20submission%20NDC%20update.pdf,ES-2023-10-17 EU submission NDC update.pdf,Estonia.txt
SWZ,Eswatini,Lower middle income,4442875788,0.610,Africa,Sub-Saharan Africa,0,0,0,Eswatini First NDC (Updated submission),NDC,English,2,Active,2021-10-12,https://unfccc.int/sites/default/files/NDC/2022-06/Eswatini%27s%20Revised%20NDC%2012%20Oct%202021.docx,Eswatini's Revised NDC 12 Oct 2021.docx,Eswatini.txt
ETH,Ethiopia,Low income,163697927594,0.492,Africa,Sub-Saharan Africa,1,0,0,Ethiopia First NDC (Updated submission),NDC,English,2,Active,2021-07-23,https://unfccc.int/sites/default/files/NDC/2022-06/Ethiopia%27s%20updated%20NDC%20JULY%202021%20Submission_.pdf,Ethiopia's updated NDC JULY 2021 Submission_.pdf,Ethiopia.txt
FJI,Fiji,Upper middle income,5442046565,0.729,Oceania,Melanesia,0,1,0,Fiji First NDC (Updated submission),NDC,English,2,Active,2020-12-31,https://unfccc.int/sites/default/files/NDC/2022-06/Republic%20of%20Fiji%27s%20Updated%20NDC%2020201.pdf,Republic of Fiji's Updated NDC 20201.pdf,Fiji.txt
FIN,Finland,High income,295532341255,0.942,Europe,Northern Europe,0,0,1,EU NDC 2023 update,NDC,English,3,Active,2023-10-19,https://unfccc.int/sites/default/files/NDC/2023-10/ES-2023-10-17%20EU%20submission%20NDC%20update.pdf,ES-2023-10-17 EU submission NDC update.pdf,Finland.txt
FRA,France,High income,3051831611385,0.910,Europe,Western Europe,0,0,1,EU NDC 2023 update,NDC,English,3,Active,2023-10-19,https://unfccc.int/sites/default/files/NDC/2023-10/ES-2023-10-17%20EU%20submission%20NDC%20update.pdf,ES-2023-10-17 EU submission NDC update.pdf,France.txt
GAB,Gabon,Upper middle income,19388402542,0.693,Africa,Sub-Saharan Africa,0,0,0,Seconde Contribution Déterminée au Niveau National (République Gabonaise),NDC,French,2,Active,2022-07-06,https://unfccc.int/sites/default/files/NDC/2022-07/20220706_Gabon_Updated%20NDC.pdf,20220706_Gabon_Updated NDC.pdf,Gabon.txt
GMB,Gambia,Low income,2396111022,0.495,Africa,Sub-Saharan Africa,1,0,0,Gambia Second NDC,NDC,English,2,Active,2021-09-12,https://unfccc.int/sites/default/files/NDC/2022-06/Second%20NDC%20of%20The%20Republic%20of%20The%20Gambia-16-12-2021.pdf,Second NDC of The Republic of The Gambia-16-12-2021.pdf,Gambia.txt
GEO,Georgia,Upper middle income,30777833585,0.814,Asia,Western Asia,0,0,0,Georgia First NDC (Updated submission),NDC,English,2,Active,2021-05-05,https://unfccc.int/sites/default/files/NDC/2022-06/NDC%20Georgia_ENG%20WEB-approved.pdf,NDC Georgia_ENG WEB-approved.pdf,Georgia.txt
DEU,Germany,High income,4525703903628,0.950,Europe,Western Europe,0,0,1,EU NDC 2023 update,NDC,English,3,Active,2023-10-19,https://unfccc.int/sites/default/files/NDC/2023-10/ES-2023-10-17%20EU%20submission%20NDC%20update.pdf,ES-2023-10-17 EU submission NDC update.pdf,Germany.txt
GHA,Ghana,Lower middle income,76370396722,0.602,Africa,Sub-Saharan Africa,0,0,0,Ghana First NDC (Updated submission),NDC,English,2,Active,2021-11-04,https://unfccc.int/sites/default/files/NDC/2022-06/Ghana%27s%20Updated%20Nationally%20Determined%20Contribution%20to%20the%20UNFCCC_2021.pdf,Ghana's Updated Nationally Determined Contribution to the UNFCCC_2021.pdf,Ghana.txt
GRC,Greece,High income,243498333238,0.893,Europe,Southern Europe,0,0,1,EU NDC 2023 update,NDC,English,3,Active,2023-10-19,https://unfccc.int/sites/default/files/NDC/2023-10/ES-2023-10-17%20EU%20submission%20NDC%20update.pdf,ES-2023-10-17 EU submission NDC update.pdf,Greece.txt
GRD,Grenada,Upper middle income,1316733333,0.793,Americas,Latin America and the Caribbean,0,1,0,Greneda Second NDC,NDC,English,2,Active,2020-12-01,https://unfccc.int/sites/default/files/NDC/2022-06/GrenadaSecondNDC2020%20-%2001-12-20.pdf,GrenadaSecondNDC2020 - 01-12-20.pdf,Grenada.txt
GTM,Guatemala,Upper middle income,104450210572,0.629,Americas,Latin America and the Caribbean,0,0,0,Contribución Nacionalmente Determinada de Guatemala(Updated submission),NDC,Spanish,3,Active,2022-05-23,https://unfccc.int/sites/default/files/2022-06/NDC%20-%20Guatemala%202021.pdf,NDC - Guatemala 2021.pdf,Guatemala.txt
GIN,Guinea,Lower middle income,22199409741,0.471,Africa,Sub-Saharan Africa,1,0,0,Guinea First NDC (Updated submission),NDC,French,2,Active,2021-07-28,https://unfccc.int/sites/default/files/NDC/2022-06/CDN%20GUINEE%202021_REVISION_VF.pdf,CDN GUINEE 2021_REVISION_VF.pdf,Guinea.txt
GNB,Guinea-Bissau,Low income,2048348108,0.483,Africa,Sub-Saharan Africa,1,1,0,Guinea First NDC (Updated submission),NDC,English,2,Active,2021-10-12,https://unfccc.int/sites/default/files/NDC/2022-06/NDC-Guinea%20Bissau-12102021.Final.pdf,NDC-Guinea Bissau-12102021.Final.pdf,Guinea Bissau.txt
GUY,Guyana,High income,17159509565,0.742,Americas,Latin America and the Caribbean,0,1,0,Guyana First NDC,NDC,English,1,Active,2016-05-20,https://unfccc.int/sites/default/files/NDC/2022-06/Guyana%27s%20revised%20NDC%20-%20Final.pdf,Guyana's revised NDC - Final.pdf,Guyana.txt
HTI,Haiti,Lower middle income,19850829758,0.552,Americas,Latin America and the Caribbean,1,1,0,NDC revised(Updated submission),NDC,French,2,Active,2022-06-01,https://unfccc.int/sites/default/files/NDC/2022-06/CDN%20Revisee%20Haiti%202022.pdf,CDN Revisee Haiti 2022.pdf,Haiti.txt
VAT,Holy See,#N/A,#N/A,#N/A,Europe,Southern Europe,0,0,0,Vatican City State's NDC,NDC,English,1,Active,2023-05-31,https://unfccc.int/sites/default/files/NDC/2023-05/Vatican%20City%20State%20NDCs%20-%20May%202023.pdf,Vatican City State NDCs - May 2023.pdf,Holy_See.txt
HND,Honduras,Lower middle income,34400509852,0.624,Americas,Latin America and the Caribbean,0,0,0,Honduras First NDC (Updated submission),NDC,Spanish,2,Active,2021-05-19,https://unfccc.int/sites/default/files/NDC/2022-06/NDC%20de%20Honduras_%20Primera%20Actualizaci%C3%B3n.pdf,NDC de Honduras_ Primera Actualización.pdf,Honduras.txt
HUN,Hungary,High income,212388906459,0.851,Europe,Eastern Europe,0,0,1,EU NDC 2023 update,NDC,English,3,Active,2023-10-19,https://unfccc.int/sites/default/files/NDC/2023-10/ES-2023-10-17%20EU%20submission%20NDC%20update.pdf,ES-2023-10-17 EU submission NDC update.pdf,Hungary.txt
ISL,Iceland,High income,31325116556,0.959,Europe,Northern Europe,0,0,1,Iceland First NDC (Updated submission),NDC,English,2,Active,2021-02-18,https://unfccc.int/sites/default/files/NDC/2022-06/Iceland_updated_NDC_Submission_Feb_2021.pdf,Iceland_updated_NDC_Submission_Feb_2021.pdf,Iceland.txt
IND,India,Lower middle income,3567551674623,0.644,Asia,Southern Asia,0,0,0,India Updated First Nationally Determined Contribution,NDC,English,2,Active,2022-08-26,https://unfccc.int/sites/default/files/NDC/2022-08/India%20Updated%20First%20Nationally%20Determined%20Contrib.pdf,India Updated First Nationally Determined Contrib.pdf,India.txt
IDN,Indonesia,Upper middle income,1371171152331,0.713,Asia,South-eastern Asia,0,0,0,Enhanced NDC - Republic of Indonesia,NDC,English,3,Active,2022-09-23,https://unfccc.int/sites/default/files/NDC/2022-09/ENDC%20Indonesia.pdf,ENDC Indonesia.pdf,Indonesia.txt
IRQ,Iraq,Upper middle income,250842782139,0.673,Asia,Southern Asia,0,0,0,Iraq First NDC,NDC,Arabic,1,Active,2021-10-15,https://unfccc.int/sites/default/files/NDC/2022-06/Iraq%20NDC%20Document.docx,Iraq NDC Document.docx,Iraq.txt
IRL,Ireland,High income,551394889340,0.950,Europe,Northern Europe,0,0,1,EU NDC 2023 update,NDC,English,3,Active,2023-10-19,https://unfccc.int/sites/default/files/NDC/2023-10/ES-2023-10-17%20EU%20submission%20NDC%20update.pdf,ES-2023-10-17 EU submission NDC update.pdf,Ireland.txt
ISR,Israel,High income,513611100816,0.915,Asia,Western Asia,0,0,1,Israel First NDC (Updated submission),NDC,English,2,Active,2021-07-29,https://unfccc.int/sites/default/files/NDC/2022-06/NDC%20update%20as%20submitted%20to%20the%20UNFCCC.docx,NDC update as submitted to the UNFCCC.docx,Israel.txt
ITA,Italy,High income,2300941152992,0.906,Europe,Southern Europe,0,0,1,EU NDC 2023 update,NDC,English,3,Active,2023-10-19,https://unfccc.int/sites/default/files/NDC/2023-10/ES-2023-10-17%20EU%20submission%20NDC%20update.pdf,ES-2023-10-17 EU submission NDC update.pdf,Italy.txt
JAM,Jamaica,Upper middle income,19423355409,0.706,Americas,Latin America and the Caribbean,0,1,0,Jamaica First NDC (Updated submission),NDC,English,2,Active,2020-07-01,https://unfccc.int/sites/default/files/NDC/2022-06/Updated%20NDC%20Jamaica%20-%20ICTU%20Guidance.pdf,Updated NDC Jamaica - ICTU Guidance.pdf,Jamaica.txt
JPN,Japan,High income,4204494802432,0.920,Asia,Eastern Asia,0,0,1,Japan's 2035/2040 NDC,NDC,English,,Active,2025-02-18,https://unfccc.int/sites/default/files/2025-02/Japans%202035-2040%20NDC.pdf,Japans 2035-2040 NDC.pdf,Japan.txt
JOR,Jordan,Lower middle income,50967475352,0.736,Asia,Western Asia,0,0,0,Jordan First NDC (Updated submission),NDC,English,2,Active,2021-10-12,https://unfccc.int/sites/default/files/NDC/2022-06/UPDATED%20SUBMISSION%20OF%20JORDANS.pdf,UPDATED SUBMISSION OF JORDANS.pdf,Jordan.txt
KAZ,Kazakhstan,Upper middle income,262641892079,0.802,Asia,Central Asia,0,0,0,Kazakhstan First NDC (Updated submission),NDC,English,2,Active,2023-06-27,https://unfccc.int/sites/default/files/NDC/2023-06/12updated%20NDC%20KAZ_Gov%20Decree313_19042023_en_cover%20page.pdf,12updated NDC KAZ_Gov Decree313_19042023_en_cover page.pdf,Kazakhstan.txt
KEN,Kenya,Lower middle income,108038588971,0.601,Africa,Sub-Saharan Africa,0,0,0,Kenya First NDC (Updated submission),NDC,English,2,Active,2020-12-28,https://unfccc.int/sites/default/files/NDC/2022-06/Kenya%27s%20First%20%20NDC%20%28updated%20version%29.pdf,Kenya's First  NDC (updated version).pdf,Kenya.txt
KIR,Kiribati,Lower middle income,279208903.3,0.628,Oceania,Micronesia,1,1,0,Kiribati Enhanced NDC,NDC,English,2,Active,2023-03-02,https://unfccc.int/sites/default/files/NDC/2023-03/221213%20Kiribati%20NDC%20Web%20Quality.pdf,221213 Kiribati NDC Web Quality.pdf,Kiribati.txt
KWT,Kuwait,High income,163704878876,0.847,Asia,Western Asia,0,0,0,Kuwait First NDC (Updated submission),Translation,English,2,Active,2021-10-12,https://unfccc.int/sites/default/files/NDC/2022-06/Kuwait%20updating%20the%20first%20NDC-English.pdf,Kuwait updating the first NDC-English.pdf,Kuwait.txt
KGZ,Kyrgyzstan,Lower middle income,13987627909,0.701,Asia,Central Asia,0,0,0,Kyrgyzstan First NDC (Updated submission),Translation,English,2,Active,2021-10-09,https://unfccc.int/sites/default/files/NDC/2022-06/%D0%9E%D0%9D%D0%A3%D0%92%20ENG%20%D0%BE%D1%82%2008102021.pdf,ОНУВ ENG от 08102021.pdf,Kyrgyzstan.txt
LAO,Lao People's Democratic Republic,Lower middle income,15843155731,0.620,Asia,South-eastern Asia,1,0,0,Lao People's Democratic Republic First NDC (Updated submission),NDC,English,2,Active,2021-05-11,https://unfccc.int/sites/default/files/NDC/2022-06/NDC%202020%20of%20Lao%20PDR%20%28English%29%2C%2009%20April%202021%20%281%29.pdf,"NDC 2020 of Lao PDR (English), 09 April 2021 (1).pdf",Laos.txt
LVA,Latvia,High income,42247850065,0.879,Europe,Northern Europe,0,0,1,EU NDC 2023 update,NDC,English,3,Active,2023-10-19,https://unfccc.int/sites/default/files/NDC/2023-10/ES-2023-10-17%20EU%20submission%20NDC%20update.pdf,ES-2023-10-17 EU submission NDC update.pdf,Latvia.txt
LBN,Lebanon,Lower middle income,,0.723,Asia,Western Asia,0,0,0,Lebanon First NDC (Updated submission),NDC,English,2,Active,2021-03-16,https://unfccc.int/sites/default/files/NDC/2022-06/Lebanon%27s%202020%20Nationally%20Determined%20Contribution%20Update.pdf,Lebanon's 2020 Nationally Determined Contribution Update.pdf,Lebanon.txt
LSO,Lesotho,Lower middle income,2117962451,0.521,Africa,Sub-Saharan Africa,1,0,0,Lesotho Second NDC,NDC,English,,Active,2025-02-05,https://unfccc.int/sites/default/files/2025-02/Lesotho%20SECOND%20NDC.pdf,Lesotho SECOND NDC.pdf,Lesotho.txt
LBR,Liberia,Low income,4240000000,0.487,Africa,Sub-Saharan Africa,1,0,0,Liberia First NDC (Updated submission),NDC,English,2,Active,2021-08-04,https://unfccc.int/sites/default/files/NDC/2022-06/Liberia%27s%20Updated%20NDC_RL_FINAL%20%28002%29.pdf,Liberia's Updated NDC_RL_FINAL (002).pdf,Liberia.txt
LIE,Liechtenstein,High income,,0.942,Europe,Western Europe,0,0,0,Liechtenstein First NDC,NDC,English,1,Active,2017-09-20,https://unfccc.int/sites/default/files/NDC/2022-06/150422_INDC_FL.pdf,150422_INDC_FL.pdf,Liechtenstein.txt
LTU,Lithuania,High income,79789877416,0.879,Europe,Northern Europe,0,0,1,EU NDC 2023 update,NDC,English,3,Active,2023-10-19,https://unfccc.int/sites/default/files/NDC/2023-10/ES-2023-10-17%20EU%20submission%20NDC%20update.pdf,ES-2023-10-17 EU submission NDC update.pdf,Lithuania.txt
LUX,Luxembourg,High income,85755006124,0.927,Europe,Western Europe,0,0,1,EU NDC 2023 update,NDC,English,3,Active,2023-10-19,https://unfccc.int/sites/default/files/NDC/2023-10/ES-2023-10-17%20EU%20submission%20NDC%20update.pdf,ES-2023-10-17 EU submission NDC update.pdf,Luxembourg.txt
MDG,Madagascar,Low income,15790113247,0.487,Africa,Sub-Saharan Africa,1,0,0,NDC 2 Madagascar,NDC,French,N/A,Active,2024-01-29,https://unfccc.int/sites/default/files/NDC/2024-01/NDC%202%20MADAGASCAR.pdf,NDC 2 MADAGASCAR.pdf,Madagascar.txt
MWI,Malawi,Low income,12712150082,0.508,Africa,Sub-Saharan Africa,1,0,0,Malawi First NDC (Updated submission),NDC,English,2,Active,2021-07-30,https://unfccc.int/sites/default/files/NDC/2022-06/Malawi%20Updated%20NDC%20July%202021%20submitted.pdf,Malawi Updated NDC July 2021 submitted.pdf,Malawi.txt
MYS,Malaysia,Upper middle income,399705169318,0.807,Asia,South-eastern Asia,0,0,0,Malaysia First NDC (Updated submission),NDC,English,2,Active,2021-07-30,https://unfccc.int/sites/default/files/NDC/2022-06/Malaysia%20NDC%20Updated%20Submission%20to%20UNFCCC%20July%202021%20final.pdf,Malaysia NDC Updated Submission to UNFCCC July 2021 final.pdf,Malaysia.txt
MDV,Maldives,Upper middle income,6590894302,0.762,Asia,Southern Asia,0,1,0,Maldives' Third Nationally Determined Contribution,NDC,English,,Active,2025-02-27,https://unfccc.int/sites/default/files/2025-02/Maldives%E2%80%99%20Third%20Nationally%20Determined%20Contribution.pdf,Maldives’ Third Nationally Determined Contribution.pdf,Maldives.txt
MLI,Mali,Low income,20661794596,0.410,Africa,Sub-Saharan Africa,1,0,0,Mali First NDC (Updated submission),NDC,French,2,Active,2021-10-11,https://unfccc.int/sites/default/files/NDC/2022-06/MALI%20First%20NDC%20update.pdf,MALI First NDC update.pdf,Mali.txt
MLT,Malta,High income,22328640242,0.915,Europe,Southern Europe,0,0,0,EU NDC 2023 update,NDC,English,3,Active,2023-10-19,https://unfccc.int/sites/default/files/NDC/2023-10/ES-2023-10-17%20EU%20submission%20NDC%20update.pdf,ES-2023-10-17 EU submission NDC update.pdf,Malta.txt
MHL,Marshall Islands,Upper middle income,259300000,0.731,Oceania,Micronesia,0,1,0,Marshall Islands Third NDC,NDC,English,,Active,2025-02-10,https://unfccc.int/sites/default/files/2025-02/Republic%20of%20the%20Marshall%20Islands%20NDC%203.0.pdf,Republic of the Marshall Islands NDC 3.0.pdf,Marshall_Islands.txt
MRT,Mauritania,Lower middle income,10651709411,0.540,Africa,Sub-Saharan Africa,1,0,0,Mauritania First NDC (Updated submission),NDC,French,2,Active,2021-10-12,https://unfccc.int/sites/default/files/NDC/2022-06/CDN-actualis%C3%A9%202021_%20Mauritania.pdf,CDN-actualisé 2021_ Mauritania.pdf,Mauritania.txt
MUS,Mauritius,Upper middle income,14644524819,0.796,Americas,Latin America and the Caribbean,0,1,0,Mauritius First NDC (Updated submission),NDC,English,2,Active,2021-10-05,https://unfccc.int/sites/default/files/NDC/2022-06/Final%20Updated%20NDC%20for%20the%20Republic%20of%20Mauritius%2001%20October%202021.docx,Final Updated NDC for the Republic of Mauritius 01 October 2021.docx,Mauritius.txt
MEX,Mexico,Upper middle income,1789114434843,0.781,Americas,Latin America and the Caribbean,0,0,1,Mexico: Updated NDC 2022,NDC,Spanish,3,Active,2022-11-17,https://unfccc.int/sites/default/files/NDC/2022-11/Mexico_NDC_UNFCCC_update2022_FINAL.pdf,Mexico_NDC_UNFCCC_update2022_FINAL.pdf,Mexico.txt
FSM,Micronesia (Federated States of),Lower middle income,460000000,0.634,Oceania,Micronesia,0,1,0,Updated Nationally Determined Contribution of the Federated States of Micronesia,NDC,English,2,Active,2022-10-17,https://unfccc.int/sites/default/files/NDC/2022-10/Updated%20NDC%20of%20the%20MICRONESIA.pdf,Updated NDC of the MICRONESIA.pdf,Micronesia.txt
MCO,Monaco,High income,9995350547,#N/A,Europe,Western Europe,0,0,0,Monaco First NDC (Updated submission),NDC,French,2,Active,2020-12-28,https://unfccc.int/sites/default/files/NDC/2022-06/Monaco_NDC_2020.pdf,Monaco_NDC_2020.pdf,Monaco.txt
MNG,Mongolia,Upper middle income,20325121394,0.741,Asia,Eastern Asia,0,0,0,Mongolia First NDC (Updated submission),NDC,English,2,Active,2020-10-13,https://unfccc.int/sites/default/files/NDC/2022-06/First%20Submission%20of%20Mongolia%27s%20NDC.pdf,First Submission of Mongolia's NDC.pdf,Mongolia.txt
MNE,Montenegro,Upper middle income,7530593375,0.844,Europe,Southern Europe,0,0,0,Montenegro Third NDC,NDC,English,,Active,2025-02-21,https://unfccc.int/sites/default/files/2025-02/001_eng_NDC_Montenegro.pdf,001_eng_NDC_Montenegro.pdf,Montenegro.txt
MAR,Morocco,Lower middle income,144417103250,0.698,Africa,Northern Africa,0,0,0,Morocco First NDC (Updated submission),NDC,French,2,Active,2021-06-22,https://unfccc.int/sites/default/files/NDC/2022-06/Moroccan%20updated%20NDC%202021%20_Fr.pdf,Moroccan updated NDC 2021 _Fr.pdf,Morocco.txt
MOZ,Mozambique,Low income,20954220984,0.461,Africa,Sub-Saharan Africa,1,0,0,Mozambique First NDC (Updated submission),NDC,English,2,Active,2021-12-27,https://unfccc.int/sites/default/files/NDC/2022-06/NDC_EN_Final.pdf,NDC_EN_Final.pdf,Mozambique.txt
MMR,Myanmar,Lower middle income,66757619000,0.608,Asia,South-eastern Asia,1,0,0,Myanmar First NDC (Updated submission),NDC,English,2,Active,2021-08-03,https://unfccc.int/sites/default/files/NDC/2022-06/Myanmar%20Updated%20%20NDC%20July%202021.pdf,Myanmar Updated  NDC July 2021.pdf,Myanmar.txt
NAM,Namibia,Upper middle income,12351025067,0.610,Africa,Sub-Saharan Africa,0,0,0,NDC UPDATE,NDC,English,3,Active,2024-01-17,https://unfccc.int/sites/default/files/NDC/2024-01/FINAL%20UPDATED%20NAMIBIA%20NDC%202023.pdf,FINAL UPDATED NAMIBIA NDC 2023.pdf,Namibia.txt
NRU,Nauru,High income,154170289.3,0.696,Oceania,Micronesia,0,1,0,Nauru First NDC (Updated submission),NDC,English,2,Active,2021-10-14,https://unfccc.int/sites/default/files/NDC/2022-06/Nauru%20Updated%20NDC%20pdf.pdf,Nauru Updated NDC pdf.pdf,Nauru.txt
NPL,Nepal,Lower middle income,40908073367,0.601,Asia,Southern Asia,1,0,0,Nepal Second NDC,NDC,English,2,Active,2020-12-08,https://unfccc.int/sites/default/files/NDC/2022-06/Second%20Nationally%20Determined%20Contribution%20%28NDC%29%20-%202020.pdf,Second Nationally Determined Contribution (NDC) - 2020.pdf,Nepal.txt
NLD,Netherlands,High income,1154361305398,0.946,Europe,Western Europe,0,0,1,EU NDC 2023 update,NDC,English,3,Active,2023-10-19,https://unfccc.int/sites/default/files/NDC/2023-10/ES-2023-10-17%20EU%20submission%20NDC%20update.pdf,ES-2023-10-17 EU submission NDC update.pdf,Netherlands.txt
NZL,New Zealand,High income,252175506110,0.939,Oceania,Australia and New Zealand,0,0,1,New Zealand’s second Nationally Determined Contribution,NDC,English,,Active,2025-01-31,https://unfccc.int/sites/default/files/2025-01/New%20Zealand%27s%20second%20Nationally%20Determined%20Contribution.pdf,New Zealand's second Nationally Determined Contribution.pdf,New_Zealand.txt
NIC,Nicaragua,Lower middle income,17829218219,0.669,Americas,Latin America and the Caribbean,0,0,0,Nicaragua First NDC (Updated submission),NDC,Spanish,2,Active,2020-12-24,https://unfccc.int/sites/default/files/NDC/2022-06/Contribuciones_Nacionales_Determinadas_Nicaragua.pdf,Contribuciones_Nacionales_Determinadas_Nicaragua.pdf,Nicaragua.txt
NER,Niger,Low income,16819170421,0.394,Africa,Sub-Saharan Africa,1,0,0,Niger First NDC (Updated submission),NDC,French,2,Active,2021-12-13,https://unfccc.int/sites/default/files/NDC/2022-06/CDN_Niger_R%C3%A9vis%C3%A9e_2021.pdf,CDN_Niger_Révisée_2021.pdf,Niger.txt
NGA,Nigeria,Lower middle income,363846332835,0.548,Africa,Sub-Saharan Africa,0,0,0,Nigeria First NDC (Updated submission),NDC,English,3,Active,2021-07-30,https://unfccc.int/sites/default/files/NDC/2022-06/NDC_File%20Amended%20_11222.pdf,NDC_File Amended _11222.pdf,Nigeria.txt
NIU,Niue,#N/A,#N/A,#N/A,Oceania,Polynesia,0,1,0,Niue First NDC,NDC,English,1,Active,2016-10-28,https://unfccc.int/sites/default/files/NDC/2022-06/Niue%20INDC%20Final.pdf,Niue INDC Final.pdf,Niue.txt
MKD,North Macedonia,Upper middle income,15763621848,0.765,Europe,Southern Europe,0,0,0,The Republic of North Macedonia First NDC (Updated submission),NDC,English,2,Active,2021-04-16,https://unfccc.int/sites/default/files/NDC/2022-06/Macedonian%20enhanced%20NDC%20%28002%29.pdf,Macedonian enhanced NDC (002).pdf,Macedonia.txt
NOR,Norway,High income,485310823604,0.966,Europe,Northern Europe,0,0,1,Norway First NDC (Second updated submission),NDC,English,3,Active,2022-11-03,https://unfccc.int/sites/default/files/NDC/2022-11/NDC%20Norway_second%20update.pdf,NDC Norway_second update.pdf,Norway.txt
OMN,Oman,High income,108810923277,0.819,Asia,Western Asia,0,0,0,Oman 1st Update of the 2nd NDC,NDC,English,3,Active,2023-11-29,https://unfccc.int/sites/default/files/NDC/2023-11/Oman%201st%20Update%20of%20the%202nd%20NDC%20-%20Optimized%20Size%20%281%29.pdf,Oman 1st Update of the 2nd NDC - Optimized Size (1).pdf,Oman.txt
PAK,Pakistan,Lower middle income,337912301398,0.540,Asia,Southern Asia,0,0,0,Pakistan First NDC (Updated submission),NDC,English,3,Active,2021-10-21,https://unfccc.int/sites/default/files/NDC/2022-06/Pakistan%20Updated%20NDC%202021.pdf,Pakistan Updated NDC 2021.pdf,Pakistan.txt
PLW,Palau,High income,281849062.5,0.797,Oceania,Micronesia,0,1,0,Palau First NDC,NDC,English,1,Active,2016-04-22,https://unfccc.int/sites/default/files/NDC/2022-06/Palau_INDC.Final%20Copy.pdf,Palau_INDC.Final Copy.pdf,Palau.txt
PAN,Panama,High income,83318176900,0.820,Americas,Latin America and the Caribbean,0,0,0,Panama Second NDC,NDC,Spanish,3,Active,2024-06-13,https://unfccc.int/sites/default/files/NDC/2024-06/Segunda%20Contribuci%C3%B3n%20Determinada%20a%20Nivel%20Nacional_CDN2.pdf,Segunda Contribución Determinada a Nivel Nacional_CDN2.pdf,Panama.txt
PNG,Papua New Guinea,Lower middle income,30729242919,0.568,Oceania,Melanesia,0,1,0,Papua New Guinea Second NDC,NDC,English,2,Active,2020-12-16,https://unfccc.int/sites/default/files/NDC/2022-06/PNG%20Second%20NDC.pdf,PNG Second NDC.pdf,Papa_New_Guineau.txt
PRY,Paraguay,Upper middle income,42956263544,0.731,Americas,Latin America and the Caribbean,0,0,0,Paraguay First NDC (Updated submission),NDC,Spanish,2,Active,2021-07-16,https://unfccc.int/sites/default/files/NDC/2022-06/Actualizaci%C3%B3n-NDC%20VF%20PAG.%20WEB_MADES%20Mayo%202022.pdf,Actualización-NDC VF PAG. WEB_MADES Mayo 2022.pdf,Paraguay.txt
PER,Peru,Upper middle income,267603248655,0.762,Americas,Latin America and the Caribbean,0,0,0,Peru First NDC (Updated submission),NDC,Spanish,2,Active,2020-12-18,https://unfccc.int/sites/default/files/NDC/2022-06/Reporte%20de%20Actualizacio%CC%81n%20de%20las%20NDC%20del%20Peru%CC%81.pdf,Reporte de Actualización de las NDC del Perú.pdf,Peru.txt
PHL,Philippines,Lower middle income,437146372730,0.710,Asia,South-eastern Asia,0,0,0,Philippines First NDC,NDC,English,1,Active,2021-04-15,https://unfccc.int/sites/default/files/NDC/2022-06/Philippines%20-%20NDC.pdf,Philippines - NDC.pdf,Philippines.txt
POL,Poland,High income,809200697797,0.881,Europe,Eastern Europe,0,0,1,EU NDC 2023 update,NDC,English,3,Active,2023-10-19,https://unfccc.int/sites/default/files/NDC/2023-10/ES-2023-10-17%20EU%20submission%20NDC%20update.pdf,ES-2023-10-17 EU submission NDC update.pdf,Poland.txt
PRT,Portugal,High income,289114289664,0.874,Europe,Southern Europe,0,0,1,EU NDC 2023 update,NDC,English,3,Active,2023-10-19,https://unfccc.int/sites/default/files/NDC/2023-10/ES-2023-10-17%20EU%20submission%20NDC%20update.pdf,ES-2023-10-17 EU submission NDC update.pdf,Portugal.txt
QAT,Qatar,High income,213002809330,0.875,Asia,Western Asia,0,0,0,Qatar First NDC (Updated submission),Translation,English,2,Active,2021-08-24,https://unfccc.int/sites/default/files/NDC/2022-06/Qatar%20NDC.pdf,Qatar NDC.pdf,Qatar.txt
KOR,Republic of Korea,High income,1712792854202,0.929,Asia,Eastern Asia,0,0,1,Republic of Korea First NDC (Updated submission),NDC,English,3,Active,2021-12-23,https://unfccc.int/sites/default/files/NDC/2022-06/211223_The%20Republic%20of%20Korea%27s%20Enhanced%20Update%20of%20its%20First%20Nationally%20Determined%20Contribution_211227_editorial%20change.pdf,211223_The Republic of Korea's Enhanced Update of its First Nationally Determined Contribution_211227_editorial change.pdf,Republic_of_Korea.txt
MDA,Republic of Moldova,Upper middle income,16539436547,0.763,Europe,Eastern Europe,0,0,0,Republic of Moldova First NDC (Updated submission),NDC,English,2,Active,2020-03-04,https://unfccc.int/sites/default/files/NDC/2022-06/MD_Updated_NDC_final_version_EN.pdf,MD_Updated_NDC_final_version_EN.pdf,Moldova.txt
ROU,Romania,High income,350775856415,0.827,Europe,Eastern Europe,0,0,0,EU NDC 2023 update,NDC,English,3,Active,2023-10-19,https://unfccc.int/sites/default/files/NDC/2023-10/ES-2023-10-17%20EU%20submission%20NDC%20update.pdf,ES-2023-10-17 EU submission NDC update.pdf,Romania.txt
RUS,Russian Federation,High income,2021421476035,0.821,Europe,Eastern Europe,,,0,Russian Federation First NDC,Translation,English,1,Active,2020-11-25,https://unfccc.int/sites/default/files/NDC/2022-06/NDC_RF_eng.pdf,NDC_RF_eng.pdf,Russia.txt
RWA,Rwanda,Low income,14097768472,0.548,Africa,Sub-Saharan Africa,1,0,0,Rwanda First NDC (Updated submission),NDC,English,2,Active,2020-05-20,https://unfccc.int/sites/default/files/NDC/2022-06/Rwanda_Updated_NDC_May_2020.pdf,Rwanda_Updated_NDC_May_2020.pdf,Rwanda.txt
KNA,Saint Kitts and Nevis,High income,1055499778,0.838,Americas,Latin America and the Caribbean,0,1,0,Saint Kitts and Nevis First NDC (Updated submission),NDC,English,2,Active,2021-10-25,https://unfccc.int/sites/default/files/NDC/2022-06/St.%20Kitts%20and%20Nevis%20Revised%20NDC_Updated.pdf,St. Kitts and Nevis Revised NDC_Updated.pdf,Saint_Kitts_and_Nevis.txt
LCA,Saint Lucia,Upper middle income,2430148148,0.725,Americas,Latin America and the Caribbean,0,1,0,Saint Lucia Third NDC,NDC,English,,Active,2025-02-06,https://unfccc.int/sites/default/files/2025-02/Saint%20Lucias%20Third%20Nationally%20Determined%20Contribution.pdf,Saint Lucias Third Nationally Determined Contribution.pdf,Saint_Lucia.txt
VCT,Saint Vincent and the Grenadines,Upper middle income,1065962963,0.772,Americas,Latin America and the Caribbean,0,1,0,Saint Vincent and the Grenadines First NDC,NDC,English,1,Active,2016-06-29,https://unfccc.int/sites/default/files/NDC/2022-06/Saint%20Vincent%20and%20the%20Grenadines_NDC.pdf,Saint Vincent and the Grenadines_NDC.pdf,Saint_Vincent_Grenadines.txt
WSM,Samoa,Lower middle income,938189443.8,0.702,Oceania,Polynesia,0,1,0,Samoa Second NDC,NDC,English,2,Active,2021-07-30,https://unfccc.int/sites/default/files/NDC/2022-06/Samoa%27s%20Second%20NDC%20for%20UNFCCC%20Submission.pdf,Samoa's Second NDC for UNFCCC Submission.pdf,Samoa.txt
SMR,San Marino,High income,,0.867,Europe,Southern Europe,0,0,0,San Marino First NDC,NDC,English,1,Active,2018-09-26,https://unfccc.int/sites/default/files/NDC/2022-06/SAN%20MARINO%20INDC%20EN.pdf,SAN MARINO INDC EN.pdf,San_Marino.txt
STP,Sao Tome and Principe,Lower middle income,678976264.8,0.613,Africa,Sub-Saharan Africa,0,1,0,Sao Tome and Principe First NDC (Updated submission),NDC,English,2,Active,2021-07-30,https://unfccc.int/sites/default/files/NDC/2022-06/Updated_NDC_STP_2021_EN_.pdf,Updated_NDC_STP_2021_EN_.pdf,Sao_Tome.txt
SAU,Saudi Arabia,High income,1067582933333,0.875,Asia,Western Asia,0,0,0,Saudi Arabia First NDC (Updated submission),NDC,English,2,Active,2021-10-23,https://unfccc.int/sites/default/files/resource/202203111154---KSA%20NDC%202021.pdf,202203111154---KSA NDC 2021.pdf,Saudi_Arabia.txt
SEN,Senegal,Lower middle income,30848333084,0.517,Africa,Sub-Saharan Africa,1,0,0,Senegal First NDC,NDC,French,1,Active,2020-12-29,https://unfccc.int/sites/default/files/NDC/2022-06/CDNSenegal%20approuv%C3%A9e-pdf-.pdf,CDNSenegal approuvée-pdf-.pdf,Senegal.txt
SRB,Serbia,Upper middle income,81342660752,0.805,Europe,Southern Europe,0,0,0,Updated NDC Serbia,NDC,English,2,Active,2022-08-24,https://unfccc.int/sites/default/files/NDC/2022-08/NDC%20Final_Serbia%20english.pdf,NDC Final_Serbia english.pdf,Serbia.txt
SYC,Seychelles,High income,2141450171,0.802,Africa,Sub-Saharan Africa,0,1,0,Seychelles First NDC (Updated submission),NDC,English,2,Active,2021-07-30,https://unfccc.int/sites/default/files/NDC/2022-06/Seychelles%20-%20NDC_Jul30th%202021%20_Final.pdf,Seychelles - NDC_Jul30th 2021 _Final.pdf,Seychelles.txt
SLE,Sierra Leone,Low income,6411869546,0.458,Africa,Sub-Saharan Africa,1,0,0,Sierra Leone First NDC (Updated submission),NDC,English,2,Active,2021-07-31,https://unfccc.int/sites/default/files/NDC/2022-06/210804%202125%20SL%20NDC%20%281%29.pdf,210804 2125 SL NDC (1).pdf,Sierra_Leone.txt
SGP,Singapore,High income,501427500080,0.949,Asia,South-eastern Asia,0,1,0,Singapore Second Nationally Determined Contribution,NDC,English,4,Active,2025-02-10,https://unfccc.int/sites/default/files/2025-02/Singapore%20Second%20Nationally%20Determined%20Contribution.pdf,Singapore Second Nationally Determined Contribution.pdf,Singapore.txt
SVK,Slovakia,High income,132908336234,0.855,Europe,Eastern Europe,0,0,1,EU NDC 2023 update,NDC,English,3,Active,2023-10-19,https://unfccc.int/sites/default/files/NDC/2023-10/ES-2023-10-17%20EU%20submission%20NDC%20update.pdf,ES-2023-10-17 EU submission NDC update.pdf,Slovakia.txt
SVN,Slovenia,High income,69148468417,0.926,Europe,Southern Europe,0,0,1,EU NDC 2023 update,NDC,English,3,Active,2023-10-19,https://unfccc.int/sites/default/files/NDC/2023-10/ES-2023-10-17%20EU%20submission%20NDC%20update.pdf,ES-2023-10-17 EU submission NDC update.pdf,Slovenia.txt
SLB,Solomon Islands,Lower middle income,1633319401,0.562,Oceania,Melanesia,1,1,0,Solomon Islands First NDC (Updated submission),NDC,English,2,Active,2021-07-19,https://unfccc.int/sites/default/files/NDC/2022-06/NDC%20Report%202021%20Final%20Solomon%20Islands%20%281%29.pdf,NDC Report 2021 Final Solomon Islands (1).pdf,Solomon_Islands.txt
SOM,Somalia,Low income,10968517090,0.380,Africa,Sub-Saharan Africa,1,0,0,Somalia First NDC (Updated submission),NDC,English,2,Active,2021-07-31,https://unfccc.int/sites/default/files/NDC/2022-06/Final%20Updated%20NDC%20for%20Somalia%202021.pdf,Final Updated NDC for Somalia 2021.pdf,Somalia.txt
ZAF,South Africa,Upper middle income,380699271815,0.717,Africa,Sub-Saharan Africa,0,0,0,South Africa First NDC (Updated submission),NDC,English,2,Active,2021-09-27,https://unfccc.int/sites/default/files/NDC/2022-06/South%20Africa%20updated%20first%20NDC%20September%202021.pdf,South Africa updated first NDC September 2021.pdf,South_Africa.txt
SSD,South Sudan,Low income,,0.381,Africa,Sub-Saharan Africa,1,0,0,South Sudan Second NDC,NDC,English,2,Active,2021-09-21,https://unfccc.int/sites/default/files/NDC/2022-06/South%20Sudan%27s%20Second%20Nationally%20Determined%20Contribution.pdf,South Sudan's Second Nationally Determined Contribution.pdf,South_Sudan.txt
ESP,Spain,High income,1620090734957,0.911,Europe,Southern Europe,0,0,1,EU NDC 2023 update,NDC,English,3,Active,2023-10-19,https://unfccc.int/sites/default/files/NDC/2023-10/ES-2023-10-17%20EU%20submission%20NDC%20update.pdf,ES-2023-10-17 EU submission NDC update.pdf,Spain.txt
LKA,Sri Lanka,Lower middle income,84356863744,0.780,Asia,Southern Asia,0,0,0,Sri Lanka First NDC (Updated submission),NDC,English,3,Active,2021-09-24,https://unfccc.int/sites/default/files/NDC/2022-06/Amendmend%20to%20the%20Updated%20Nationally%20Determined%20Contributions%20of%20Sri%20Lanka.pdf,Amendmend to the Updated Nationally Determined Contributions of Sri Lanka.pdf,Sri_Lanka.txt
PSE,State of Palestine,Lower middle income,17420800000,0.716,Asia,Western Asia,0,0,0,State of Palestine First NDC (Updated submission),NDC,English,2,Active,2021-10-10,https://unfccc.int/sites/default/files/NDC/2022-06/Updated%20NDC_%20State%20of%20Palestine_2021_FINAL.pdf,Updated NDC_ State of Palestine_2021_FINAL.pdf,Palestine.txt
SDN,Sudan,Low income,109265503111,0.516,Africa,Northern Africa,1,0,0,Sudan's First NDC,NDC,English,3,Active,2022-09-22,https://unfccc.int/sites/default/files/NDC/2022-10/Sudan%20Updated%20First%20NDC-12102021.pdf,Sudan Updated First NDC-12102021.pdf,Sudan.txt
SUR,Suriname,Upper middle income,3455146281,0.690,Americas,Latin America and the Caribbean,0,1,0,Suriname Second NDC,NDC,English,2,Active,2019-12-09,https://unfccc.int/sites/default/files/NDC/2022-06/Suriname%20Second%20NDC.pdf,Suriname Second NDC.pdf,Suriname.txt
SWE,Sweden,High income,584960475767,0.952,Europe,Northern Europe,0,0,1,EU NDC 2023 update,NDC,English,3,Active,2023-10-19,https://unfccc.int/sites/default/files/NDC/2023-10/ES-2023-10-17%20EU%20submission%20NDC%20update.pdf,ES-2023-10-17 EU submission NDC update.pdf,Sweden.txt
CHE,Switzerland,High income,884940402230,0.967,Europe,Western Europe,0,0,1,Switzerland second NDC 2031-2035,NDC,English,,Active,2025-01-29,https://unfccc.int/sites/default/files/2025-01/Switzerland%20second%20NDC%202031-2035.pdf,Switzerland second NDC 2031-2035.pdf,Switzerland.txt
SYR,Syrian Arab Republic,Low income,,0.557,Asia,Western Asia,0,0,0,Syrian Arab Republic First NDC,Translation,English,1,Active,2018-11-30,https://unfccc.int/sites/default/files/NDC/2022-06/FirstNDC-Eng-Syrian%20Arab%20Republic.pdf,FirstNDC-Eng-Syrian Arab Republic.pdf,Syrian_Arab_Republic.txt
TJK,Tajikistan,Lower middle income,12060602009,0.679,Asia,Central Asia,0,0,0,Tajikistan First NDC (Updated submission),Translation,English,2,Active,2021-10-12,https://unfccc.int/sites/default/files/NDC/2022-06/NDC_TAJIKISTAN_ENG.pdf,NDC_TAJIKISTAN_ENG.pdf,Tajikistan.txt
THA,Thailand,Upper middle income,514968699239,0.803,Asia,South-eastern Asia,0,0,0,Thailand​ 2nd​ Updated​ NDC,NDC,English,3,Active,2022-11-02,https://unfccc.int/sites/default/files/NDC/2022-11/Thailand%202nd%20Updated%20NDC.pdf,Thailand 2nd Updated NDC.pdf,Thailand.txt
TLS,Timor-Leste,Lower middle income,2079916900,0.566,Asia,South-eastern Asia,1,1,0,Timor-Leste Updated NDC 2022-2030,NDC,English,2,Active,2022-11-08,https://unfccc.int/sites/default/files/NDC/2022-11/Timor_Leste%20Updated%20NDC%202022_2030.pdf,Timor_Leste Updated NDC 2022_2030.pdf,Timor_Leste.txt
TGO,Togo,Low income,9171261838,0.547,Africa,Sub-Saharan Africa,1,0,0,Togo First NDC (Updated submission),NDC,French,2,Active,2021-10-12,https://unfccc.int/sites/default/files/NDC/2022-06/CDN%20Revis%C3%A9es_Togo_Document%20int%C3%A9rimaire_rv_11%2010%2021.pdf,CDN Revisées_Togo_Document intérimaire_rv_11 10 21.pdf,Togo.txt
TON,Tonga,Upper middle income,,0.739,Oceania,Polynesia,0,1,0,Tonga Second NDC,NDC,English,2,Active,2020-12-09,https://unfccc.int/sites/default/files/NDC/2022-06/Tonga%27s%20Second%20NDC.pdf,Tonga's Second NDC.pdf,Tonga.txt
TTO,Trinidad and Tobago,High income,27372285698,0.814,Americas,Latin America and the Caribbean,0,1,0,Trinidad and Tobago First NDC,NDC,English,1,Active,2018-02-22,https://unfccc.int/sites/default/files/NDC/2022-06/Trinidad%20and%20Tobago%20Final%20INDC.pdf,Trinidad and Tobago Final INDC.pdf,Trinidad_Tobago.txt
TUN,Tunisia,Lower middle income,48529595417,0.732,Africa,Northern Africa,0,0,0,Updated NDC - English version,Translation,English,2,Active,2021-10-10,https://unfccc.int/sites/default/files/NDC/2022-08/CDN%20-%20Updated%20-english%20version.pdf,CDN - Updated -english version.pdf,Tunisia.txt
TUR,Türkiye,Upper middle income,1118252964261,0.855,Asia,Western Asia,0,0,1,TÜRKİYE UPDATED 1st NDC,NDC,English,N/A,Active,2023-04-13,https://unfccc.int/sites/default/files/NDC/2023-04/T%C3%9CRK%C4%B0YE_UPDATED%201st%20NDC_EN.pdf,TÜRKİYE_UPDATED 1st NDC_EN.pdf,Turkiye.txt
TKM,Turkmenistan,Upper middle income,60628857143,0.744,Asia,Central Asia,0,0,0,Nationally Determined Contribution of Turkmenistan under the Paris Agreement,Translation,English,2,Active,2023-01-30,https://unfccc.int/sites/default/files/NDC/2023-01/NDC_Turkmenistan_12-05-2022_approv.%20by%20Decree_Eng.pdf,NDC_Turkmenistan_12-05-2022_approv. by Decree_Eng.pdf,Turkmenistan.txt
TUV,Tuvalu,Upper middle income,62280311.59,0.653,Oceania,Polynesia,1,1,0,Government of Tuvalu Updated Nationally Determined Contribution,NDC,English,2,Active,2022-11-16,https://unfccc.int/sites/default/files/NDC/2023-02/Tuvalus%20Updated%20NDC%20for%20UNFCCC%20Submission.pdf,Tuvalus Updated NDC for UNFCCC Submission.pdf,Tuvalu.txt
UGA,Uganda,Low income,48768955863,0.550,Africa,Sub-Saharan Africa,1,0,0,Uganda's Updated NDC,NDC,English,3,Active,2022-09-12,https://unfccc.int/sites/default/files/NDC/2022-09/Updated%20NDC%20_Uganda_2022%20Final.pdf,Updated NDC _Uganda_2022 Final.pdf,Uganda.txt
UKR,Ukraine,Upper middle income,178757021965,0.734,Europe,Eastern Europe,0,0,0,Ukraine First NDC (Updated submission),NDC,English,2,Active,2021-07-31,https://unfccc.int/sites/default/files/NDC/2022-06/Ukraine%20NDC_July%2031.pdf,Ukraine NDC_July 31.pdf,Ukraine.txt
ARE,United Arab Emirates,High income,514130432653,0.937,Asia,Western Asia,0,0,0,The United Arab Emirates’ Third Nationally Determined Contribution (NDC 3.0),NDC,English,,Active,2024-11-06,https://unfccc.int/sites/default/files/2024-11/UAE-NDC3.0.pdf,UAE-NDC3.0.pdf,UAE.txt
GBR,United Kingdom of Great Britain and Northern Ireland,High income,3380854520810,0.940,Europe,Northern Europe,0,0,1,The UK’s 2035 NDC ICTU,NDC,English,,Active,2025-01-30,https://unfccc.int/sites/default/files/2025-01/UK%27s%202035%20NDC%20ICTU.pdf,UK's 2035 NDC ICTU.pdf,UK.txt
TZA,United Republic of Tanzania,Lower middle income,79062403821,0.532,Africa,Sub-Saharan Africa,1,0,0,United Republic of Tanzania First NDC (Updated submission),NDC,English,2,Active,2021-07-30,https://unfccc.int/sites/default/files/NDC/2022-06/TANZANIA_NDC_SUBMISSION_30%20JULY%202021.pdf,TANZANIA_NDC_SUBMISSION_30 JULY 2021.pdf,United_Republic_Tanzania.txt
USA,United States of America,High income,27720709000000,0.927,Americas,Northern America,0,0,1,United States of America 2035 NDC,NDC,English,,Active,2024-12-19,https://unfccc.int/sites/default/files/2024-12/United%20States%202035%20NDC.pdf,United States 2035 NDC.pdf,USA.txt
URY,Uruguay,High income,77240830877,0.830,Americas,Latin America and the Caribbean,0,0,0,Uruguay Third NDC,NDC,Spanish,,Active,2024-12-30,https://unfccc.int/sites/default/files/2025-01/20241220_Uruguay_NDC3.pdf,20241220_Uruguay_NDC3.pdf,Uruguay.txt
UZB,Uzbekistan,Lower middle income,101591769702,0.727,Asia,Central Asia,0,0,0,Uzbekistan First NDC (Updated submission),Translation,English,2,Active,2021-10-30,https://unfccc.int/sites/default/files/NDC/2022-06/Uzbekistan_Updated%20NDC_2021_EN.pdf,Uzbekistan_Updated NDC_2021_EN.pdf,Uzbekistan.txt
VUT,Vanuatu,Lower middle income,1126313359,0.614,Oceania,Melanesia,0,1,0,Vanuatu NDC Revised and Enhanced,NDC,English,3,Active,2022-08-09,https://unfccc.int/sites/default/files/NDC/2022-08/Vanuatu%20NDC%20Revised%20and%20Enhanced.pdf,Vanuatu NDC Revised and Enhanced.pdf,Vanuatu.txt
VEN,Venezuela (Bolivarian Republic of),,,0.699,Americas,Latin America and the Caribbean,0,0,0,Venezuela (Bolivarian Republic of) First NDC (Updated submission),NDC,Spanish,2,Active,2021-11-09,https://unfccc.int/sites/default/files/NDC/2022-06/Actualizacion%20NDC%20Venezuela.pdf,Actualizacion NDC Venezuela.pdf,Venezuela.txt
VNM,Viet Nam,Lower middle income,429716969044,0.726,Asia,South-eastern Asia,0,0,0,Viet Nam NDC 2022 Update,NDC,English,3,Active,2022-11-08,https://unfccc.int/sites/default/files/NDC/2022-11/Viet%20Nam%20NDC%202022%20Update.pdf,Viet Nam NDC 2022 Update.pdf,Viet_Nam.txt
ZMB,Zambia,Lower middle income,27577956471,0.569,Africa,Sub-Saharan Africa,1,0,0,Provisional NDC 3.0,NDC,English,,Active,2025-03-10,https://unfccc.int/sites/default/files/2025-03/Provisional%20NDC%20Submission_Zambia_Revised%20and%20Updated_NDC_100325.pdf,Provisional NDC Submission_Zambia_Revised and Updated_NDC_100325.pdf,Zambia.txt
ZWE,Zimbabwe,Lower middle income,35231367886,0.550,Africa,Sub-Saharan Africa,0,0,0,Zimbabwe NDC3.0 Country Statement,NDC,English,,Active,2025-02-10,https://unfccc.int/sites/default/files/2025-02/Zimbabwe%20NDC3.0%20Country%20Statement_2025_35.pdf,Zimbabwe NDC3.0 Country Statement_2025_35.pdf,Zimbabwe.txt